{
  "images" : [
    {
      "filename" : "Don't Worry, We never share your Data                  Terms of Service.png",
      "idiom" : "universal",
      "scale" : "1x"
    },
    {
      "filename" : "Don't Worry, We never share your Data                  Terms of Service@2x.png",
      "idiom" : "universal",
      "scale" : "2x"
    },
    {
      "filename" : "Don't Worry, We never share your Data                  Terms of Service@3x.png",
      "idiom" : "universal",
      "scale" : "3x"
    }
  ],
  "info" : {
    "author" : "xcode",
    "version" : 1
  }
}
